{
  "accuracy": [
    0.3636363744735718,
    0.125,
    0.3636363744735718,
    0.125,
    0.375,
    0.3333333432674408,
    0.1818181872367859,
    0.25,
    0.5625,
    0.6666666865348816,
    0.1818181872367859,
    0.625,
    0.3636363744735718,
    0.125,
    0.4375,
    0.0,
    0.4545454680919647,
    0.375,
    0.5454545617103577,
    0.5,
    0.4545454680919647,
    0.625,
    0.3125,
    0.6666666865348816,
    0.6363636255264282,
    0.625,
    0.7272727489471436,
    0.75,
    0.6875,
    0.6666666865348816,
    0.7272727489471436,
    0.625,
    0.5625,
    1.0,
    0.3636363744735718,
    0.875,
    0.4545454680919647,
    0.5,
    0.8181818127632141,
    0.75,
    0.4545454680919647,
    0.75,
    0.6875,
    0.6666666865348816,
    0.7272727489471436,
    1.0,
    0.8181818127632141,
    0.625,
    0.6363636255264282,
    0.75
  ],
  "val_accuracy": [
    0.5,
    0.5,
    0.5,
    0.0,
    1.0,
    0.0,
    0.0,
    0.0,
    0.0,
    0.5,
    0.0,
    0.0,
    0.0,
    0.5,
    1.0,
    1.0,
    1.0,
    1.0,
    1.0,
    0.5,
    1.0,
    0.5,
    0.5,
    0.5,
    1.0,
    0.5,
    1.0,
    1.0,
    1.0,
    0.0,
    0.0,
    0.5,
    0.5,
    0.5,
    1.0,
    1.0,
    1.0,
    1.0,
    1.0,
    0.5,
    0.5,
    0.5,
    0.5,
    0.5,
    0.5,
    1.0,
    1.0,
    1.0,
    0.5,
    0.5
  ],
  "loss": [
    1.6053756475448608,
    2.274061441421509,
    1.501204013824463,
    1.8314136266708374,
    1.368908405303955,
    0.9700983166694641,
    1.4305768013000488,
    1.3298420906066895,
    1.3193647861480713,
    1.016646146774292,
    1.5172592401504517,
    1.0093367099761963,
    1.2079190015792847,
    1.5550472736358643,
    1.2946364879608154,
    1.699344515800476,
    1.0614303350448608,
    1.344482183456421,
    1.0227504968643188,
    1.069822072982788,
    1.153476595878601,
    0.974280595779419,
    1.195570468902588,
    1.146872639656067,
    0.9024848341941833,
    0.9912168383598328,
    0.850004255771637,
    1.0687651634216309,
    0.9455173015594482,
    0.6429899334907532,
    0.7221667766571045,
    0.8584250211715698,
    0.966374933719635,
    0.5496358275413513,
    1.0621917247772217,
    0.7280125021934509,
    0.9505401253700256,
    0.7055238485336304,
    0.6483899354934692,
    0.887085497379303,
    0.9104183316230774,
    0.9379633069038391,
    0.8763018250465393,
    0.8526437878608704,
    0.65597003698349,
    0.4373247027397156,
    0.8650098443031311,
    0.9791032671928406,
    0.7137476205825806,
    0.6954739689826965
  ],
  "val_loss": [
    2.0870771408081055,
    1.496066689491272,
    1.8877673149108887,
    1.8297399282455444,
    1.0103297233581543,
    1.1383262872695923,
    1.8022345304489136,
    1.1708972454071045,
    1.762218952178955,
    1.2410876750946045,
    2.251274824142456,
    1.6729605197906494,
    1.663565754890442,
    0.8910467624664307,
    0.8975274562835693,
    0.9712342023849487,
    0.7173969745635986,
    0.864140510559082,
    1.0270670652389526,
    0.9143499135971069,
    0.9698129892349243,
    1.0806517601013184,
    1.3369090557098389,
    1.4160678386688232,
    0.992354154586792,
    0.9382935166358948,
    0.6802554130554199,
    0.9171974658966064,
    0.8705061674118042,
    2.073899269104004,
    1.6968839168548584,
    0.8265072107315063,
    1.1107091903686523,
    1.2857863903045654,
    0.6920828223228455,
    0.6689561605453491,
    0.7713779807090759,
    0.7004908323287964,
    0.7852832674980164,
    0.6724090576171875,
    1.0801210403442383,
    0.7378820180892944,
    1.065061330795288,
    0.9823520183563232,
    0.712269127368927,
    0.5243693590164185,
    0.9320292472839355,
    0.726281464099884,
    0.7354983687400818,
    0.6820657253265381
  ]
}